Workbook

Sheet Dati grezzi Chatbot
A1: Persona | B1: Domanda n. | C1: D. Fisico | D1: D. Psicologico | E1: D. Sociale | F1: D. Ambientale | G1: QoL Totale
A2: Ettore | B2: 1 | C2: 57.14 | D2: 66.67 | E2: 58.33 | F2: 50 | G2: 58.03
A3: Ettore | B3: 2 | C3: 57.14 | D3: 45.83 | E3: 50 | F3: 53.12 | G3: 51.52
A4: Ettore | B4: 3 | C4: 57.14 | D4: 62.5 | E4: 50 | F4: 53.12 | G4: 55.69
A5: Teresa | B5: 1 | C5: 53.57 | D5: 58.33 | E5: 50 | F5: 56.25 | G5: 54.54
A6: Teresa | B6: 2 | C6: 50 | D6: 58.33 | E6: 50 | F6: 50 | G6: 52.08
A7: Teresa | B7: 3 | C7: 60.71 | D7: 66.67 | E7: 50 | F7: 65.62 | G7: 60.75
A8: Antonietta | B8: 1 | C8: 53.57 | D8: 62.5 | E8: 41.67 | F8: 56.25 | G8: 53.5
A9: Antonietta | B9: 2 | C9: 64.29 | D9: 70.83 | E9: 58.33 | F9: 59.38 | G9: 63.21
A10: Antonietta | B10: 3 | C10: 53.57 | D10: 54.17 | E10: 66.67 | F10: 56.25 | G10: 57.67
A11: Cesare | B11: 1 | C11: 64.29 | D11: 70.83 | E11: 50 | F11: 50 | G11: 58.78
A12: Cesare | B12: 2 | C12: 46.43 | D12: 45.83 | E12: 41.67 | F12: 53.12 | G12: 46.76
A13: Cesare | B13: 3 | C13: 53.57 | D13: 41.67 | E13: 50 | F13: 56.25 | G13: 50.37
... A25: Raimondo | B25: 3 | C25: 60.71 | D25: 66.67 | E25: 50 | F25: 50 | G25: 56.84

Sheet Medie Chatbot
A1: Persona | B1: Fisico | C1: Psicologico | D1: Sociale | E1: Ambientale | F1: QoL media
A2: Ettore | B2: =AVERAGE('Dati grezzi Chatbot'!C2:C4) -> 57.14 | C2: =AVERAGE('Dati grezzi Chatbot'!D2:D4) -> 58.333333 | D2: =AVERAGE('Dati grezzi Chatbot'!E2:E4) -> 52.776667 | E2: =AVERAGE('Dati grezzi Chatbot'!F2:F4) -> 52.08 | F2: =AVERAGE('Dati grezzi Chatbot'!G2:G4) -> 55.08
A3: Teresa | B3: =AVERAGE('Dati grezzi Chatbot'!C5:C7) -> 54.76 | C3: =AVERAGE('Dati grezzi Chatbot'!D5:D7) -> 61.11 | D3: =AVERAGE('Dati grezzi Chatbot'!E5:E7) -> 50 | E3: =AVERAGE('Dati grezzi Chatbot'!F5:F7) -> 57.29 | F3: =AVERAGE('Dati grezzi Chatbot'!G5:G7) -> 55.79
A4: Antonietta | B4: =AVERAGE('Dati grezzi Chatbot'!C8:C10) -> 57.143333 | C4: =AVERAGE('Dati grezzi Chatbot'!D8:D10) -> 62.5 | D4: =AVERAGE('Dati grezzi Chatbot'!E8:E10) -> 55.556667 | E4: =AVERAGE('Dati grezzi Chatbot'!F8:F10) -> 57.293333 | F4: =AVERAGE('Dati grezzi Chatbot'!G8:G10) -> 58.126667
A5: Cesare | B5: =AVERAGE('Dati grezzi Chatbot'!C11:C13) -> 54.763333 | C5: =AVERAGE('Dati grezzi Chatbot'!D11:D13) -> 52.776667 | D5: =AVERAGE('Dati grezzi Chatbot'!E11:E13) -> 47.223333 | E5: =AVERAGE('Dati grezzi Chatbot'!F11:F13) -> 53.123333 | F5: =AVERAGE('Dati grezzi Chatbot'!G11:G13) -> 51.97
A6: Orietta | B6: =AVERAGE('Dati grezzi Chatbot'!C14:C16) -> 44.046667 | C6: =AVERAGE('Dati grezzi Chatbot'!D14:D16) -> 51.39 | D6: =AVERAGE('Dati grezzi Chatbot'!E14:E16) -> 44.443333 | E6: =AVERAGE('Dati grezzi Chatbot'!F14:F16) -> 51.04 | F6: =AVERAGE('Dati grezzi Chatbot'!G14:G16) -> 47.73
A7: Vittorio | B7: =AVERAGE('Dati grezzi Chatbot'!C17:C19) -> 47.62 | C7: =AVERAGE('Dati grezzi Chatbot'!D17:D19) -> 61.11 | D7: =AVERAGE('Dati grezzi Chatbot'!E17:E19) -> 52.776667 | E7: =AVERAGE('Dati grezzi Chatbot'!F17:F19) -> 59.373333 | F7: =AVERAGE('Dati grezzi Chatbot'!G17:G19) -> 55.22
A8: Nina | B8: =AVERAGE('Dati grezzi Chatbot'!C20:C22) -> 55.95 | C8: =AVERAGE('Dati grezzi Chatbot'!D20:D22) -> 63.89 | D8: =AVERAGE('Dati grezzi Chatbot'!E20:E22) -> 55.556667 | E8: =AVERAGE('Dati grezzi Chatbot'!F20:F22) -> 60.416667 | F8: =AVERAGE('Dati grezzi Chatbot'!G20:G22) -> 58.953333
A9: Raimondo | B9: =AVERAGE('Dati grezzi Chatbot'!C23:C25) -> 58.33 | C9: =AVERAGE('Dati grezzi Chatbot'!D23:D25) -> 69.443333 | D9: =AVERAGE('Dati grezzi Chatbot'!E23:E25) -> 63.89 | E9: =AVERAGE('Dati grezzi Chatbot'!F23:F25) -> 56.253333 | F9: =AVERAGE('Dati grezzi Chatbot'!G23:G25) -> 61.976667

Sheet WHOQOL simulato
A1: Persona | B1: Fisico | C1: Psicologico | D1: Sociale | E1: Ambientale
A2: Ettore | B2: 69 | C2: 81 | D2: 75 | E2: 81
A3: Teresa | B3: 55 | C3: 58 | D3: 62 | E3: 65
A4: Antonietta | B4: 52 | C4: 65 | D4: 75 | E4: 70
A5: Cesare | B5: 48 | C5: 50 | D5: 55 | E5: 58
A6: Orietta | B6: 42 | C6: 45 | D6: 48 | E6: 45
A7: Vittorio | B7: 50 | C7: 42 | D7: 48 | E7: 52
A8: Nina | B8: 58 | C8: 62 | D8: 65 | E8: 68
A9: Raimondo | B9: 56 | C9: 68 | D9: 72 | E9: 65

Sheet Confronto
A1: Persona | B1: Dominio | C1: Chatbot | D1: WHOQOL | E1: Differenza | F1: Tendenza
A2: Ettore | B2: Fisico | C2: ='Medie Chatbot'!B2 -> 57.14 | D2: ='WHOQOL simulato'!B2 -> 69 | E2: =C2-D2 -> -11.86 | F2: =IF(E2<-10,"Scarso",IF(E2<-5,"Accettabile",IF(E2<=5,"Buono",IF(E2<=10,"Accettabile","Scarso")))) -> Scarso
A3: Ettore | B3: Psicologico | C3: ='Medie Chatbot'!C2 -> 58.333333 | D3: ='WHOQOL simulato'!C2 -> 81 | E3: =C3-D3 -> -22.666667 | F3: =IF(E3<-10,"Scarso",IF(E3<-5,"Accettabile",IF(E3<=5,"Buono",IF(E3<=10,"Accettabile","Scarso")))) -> Scarso
A4: Ettore | B4: Sociale | C4: ='Medie Chatbot'!D2 -> 52.776667 | D4: ='WHOQOL simulato'!D2 -> 75 | E4: =C4-D4 -> -22.223333 | F4: =IF(E4<-10,"Scarso",IF(E4<-5,"Accettabile",IF(E4<=5,"Buono",IF(E4<=10,"Accettabile","Scarso")))) -> Scarso
A5: Ettore | B5: Ambientale | C5: ='Medie Chatbot'!E2 -> 52.08 | D5: ='WHOQOL simulato'!E2 -> 81 | E5: =C5-D5 -> -28.92 | F5: =IF(E5<-10,"Scarso",IF(E5<-5,"Accettabile",IF(E5<=5,"Buono",IF(E5<=10,"Accettabile","Scarso")))) -> Scarso | I5: Legenda
A6: Teresa | B6: Fisico | C6: ='Medie Chatbot'!B3 -> 54.76 | D6: ='WHOQOL simulato'!B3 -> 55 | E6: =C6-D6 -> -0.24 | F6: =IF(E6<-10,"Scarso",IF(E6<-5,"Accettabile",IF(E6<=5,"Buono",IF(E6<=10,"Accettabile","Scarso")))) -> Buono | I6: Differenza tra -5 e +5 | J6: Buono (accurato)
A7: Teresa | B7: Psicologico | C7: ='Medie Chatbot'!C3 -> 61.11 | D7: ='WHOQOL simulato'!C3 -> 58 | E7: =C7-D7 -> 3.11 | F7: =IF(E7<-10,"Scarso",IF(E7<-5,"Accettabile",IF(E7<=5,"Buono",IF(E7<=10,"Accettabile","Scarso")))) -> Buono | I7: Differenza tra -10 e -5 o +5 e +10 | J7: Accettabile (sottostima/sovrastima leggera)
A8: Teresa | B8: Sociale | C8: ='Medie Chatbot'!D3 -> 50 | D8: ='WHOQOL simulato'!D3 -> 62 | E8: =C8-D8 -> -12 | F8: =IF(E8<-10,"Scarso",IF(E8<-5,"Accettabile",IF(E8<=5,"Buono",IF(E8<=10,"Accettabile","Scarso")))) -> Scarso | I8: Differenza < -10 o > +10 | J8: Scarso (forte sottostima/sovrastima)
A9: Teresa | B9: Ambientale | C9: ='Medie Chatbot'!E3 -> 57.29 | D9: ='WHOQOL simulato'!E3 -> 65 | E9: =C9-D9 -> -7.71 | F9: =IF(E9<-10,"Scarso",IF(E9<-5,"Accettabile",IF(E9<=5,"Buono",IF(E9<=10,"Accettabile","Scarso")))) -> Accettabile
A10: Antonietta | B10: Fisico | C10: ='Medie Chatbot'!B4 -> 57.143333 | D10: ='WHOQOL simulato'!B4 -> 52 | E10: =C10-D10 -> 5.1433333 | F10: =IF(E10<-10,"Scarso",IF(E10<-5,"Accettabile",IF(E10<=5,"Buono",IF(E10<=10,"Accettabile","Scarso")))) -> Accettabile
A11: Antonietta | B11: Psicologico | C11: ='Medie Chatbot'!C4 -> 62.5 | D11: ='WHOQOL simulato'!C4 -> 65 | E11: =C11-D11 -> -2.5 | F11: =IF(E11<-10,"Scarso",IF(E11<-5,"Accettabile",IF(E11<=5,"Buono",IF(E11<=10,"Accettabile","Scarso")))) -> Buono
A12: Antonietta | B12: Sociale | C12: ='Medie Chatbot'!D4 -> 55.556667 | D12: ='WHOQOL simulato'!D4 -> 75 | E12: =C12-D12 -> -19.443333 | F12: =IF(E12<-10,"Scarso",IF(E12<-5,"Accettabile",IF(E12<=5,"Buono",IF(E12<=10,"Accettabile","Scarso")))) -> Scarso
A13: Antonietta | B13: Ambientale | C13: ='Medie Chatbot'!E4 -> 57.293333 | D13: ='WHOQOL simulato'!E4 -> 70 | E13: =C13-D13 -> -12.706667 | F13: =IF(E13<-10,"Scarso",IF(E13<-5,"Accettabile",IF(E13<=5,"Buono",IF(E13<=10,"Accettabile","Scarso")))) -> Scarso
A14: Cesare | B14: Fisico | C14: ='Medie Chatbot'!B5 -> 54.763333 | D14: ='WHOQOL simulato'!B5 -> 48 | E14: =C14-D14 -> 6.7633333 | F14: =IF(E14<-10,"Scarso",IF(E14<-5,"Accettabile",IF(E14<=5,"Buono",IF(E14<=10,"Accettabile","Scarso")))) -> Accettabile
A15: Cesare | B15: Psicologico | C15: ='Medie Chatbot'!C5 -> 52.776667 | D15: ='WHOQOL simulato'!C5 -> 50 | E15: =C15-D15 -> 2.7766667 | F15: =IF(E15<-10,"Scarso",IF(E15<-5,"Accettabile",IF(E15<=5,"Buono",IF(E15<=10,"Accettabile","Scarso")))) -> Buono
A16: Cesare | B16: Sociale | C16: ='Medie Chatbot'!D5 -> 47.223333 | D16: ='WHOQOL simulato'!D5 -> 55 | E16: =C16-D16 -> -7.7766667 | F16: =IF(E16<-10,"Scarso",IF(E16<-5,"Accettabile",IF(E16<=5,"Buono",IF(E16<=10,"Accettabile","Scarso")))) -> Accettabile
A17: Cesare | B17: Ambientale | C17: ='Medie Chatbot'!E5 -> 53.123333 | D17: ='WHOQOL simulato'!E5 -> 58 | E17: =C17-D17 -> -4.8766667 | F17: =IF(E17<-10,"Scarso",IF(E17<-5,"Accettabile",IF(E17<=5,"Buono",IF(E17<=10,"Accettabile","Scarso")))) -> Buono
A18: Orietta | B18: Fisico | C18: ='Medie Chatbot'!B6 -> 44.046667 | D18: ='WHOQOL simulato'!B6 -> 42 | E18: =C18-D18 -> 2.0466667 | F18: =IF(E18<-10,"Scarso",IF(E18<-5,"Accettabile",IF(E18<=5,"Buono",IF(E18<=10,"Accettabile","Scarso")))) -> Buono
A19: Orietta | B19: Psicologico | C19: ='Medie Chatbot'!C6 -> 51.39 | D19: ='WHOQOL simulato'!C6 -> 45 | E19: =C19-D19 -> 6.39 | F19: =IF(E19<-10,"Scarso",IF(E19<-5,"Accettabile",IF(E19<=5,"Buono",IF(E19<=10,"Accettabile","Scarso")))) -> Accettabile
A20: Orietta | B20: Sociale | C20: ='Medie Chatbot'!D6 -> 44.443333 | D20: ='WHOQOL simulato'!D6 -> 48 | E20: =C20-D20 -> -3.5566667 | F20: =IF(E20<-10,"Scarso",IF(E20<-5,"Accettabile",IF(E20<=5,"Buono",IF(E20<=10,"Accettabile","Scarso")))) -> Buono
A21: Orietta | B21: Ambientale | C21: ='Medie Chatbot'!E6 -> 51.04 | D21: ='WHOQOL simulato'!E6 -> 45 | E21: =C21-D21 -> 6.04 | F21: =IF(E21<-10,"Scarso",IF(E21<-5,"Accettabile",IF(E21<=5,"Buono",IF(E21<=10,"Accettabile","Scarso")))) -> Accettabile
A22: Vittorio | B22: Fisico | C22: ='Medie Chatbot'!B7 -> 47.62 | D22: ='WHOQOL simulato'!B7 -> 50 | E22: =C22-D22 -> -2.38 | F22: =IF(E22<-10,"Scarso",IF(E22<-5,"Accettabile",IF(E22<=5,"Buono",IF(E22<=10,"Accettabile","Scarso")))) -> Buono
A23: Vittorio | B23: Psicologico | C23: ='Medie Chatbot'!C7 -> 61.11 | D23: ='WHOQOL simulato'!C7 -> 42 | E23: =C23-D23 -> 19.11 | F23: =IF(E23<-10,"Scarso",IF(E23<-5,"Accettabile",IF(E23<=5,"Buono",IF(E23<=10,"Accettabile","Scarso")))) -> Scarso
A24: Vittorio | B24: Sociale | C24: ='Medie Chatbot'!D7 -> 52.776667 | D24: ='WHOQOL simulato'!D7 -> 48 | E24: =C24-D24 -> 4.7766667 | F24: =IF(E24<-10,"Scarso",IF(E24<-5,"Accettabile",IF(E24<=5,"Buono",IF(E24<=10,"Accettabile","Scarso")))) -> Buono
A25: Vittorio | B25: Ambientale | C25: ='Medie Chatbot'!E7 -> 59.373333 | D25: ='WHOQOL simulato'!E7 -> 52 | E25: =C25-D25 -> 7.3733333 | F25: =IF(E25<-10,"Scarso",IF(E25<-5,"Accettabile",IF(E25<=5,"Buono",IF(E25<=10,"Accettabile","Scarso")))) -> Accettabile
A26: Nina | B26: Fisico | C26: ='Medie Chatbot'!B8 -> 55.95 | D26: ='WHOQOL simulato'!B8 -> 58 | E26: =C26-D26 -> -2.05 | F26: =IF(E26<-10,"Scarso",IF(E26<-5,"Accettabile",IF(E26<=5,"Buono",IF(E26<=10,"Accettabile","Scarso")))) -> Buono
A27: Nina | B27: Psicologico | C27: ='Medie Chatbot'!C8 -> 63.89 | D27: ='WHOQOL simulato'!C8 -> 62 | E27: =C27-D27 -> 1.89 | F27: =IF(E27<-10,"Scarso",IF(E27<-5,"Accettabile",IF(E27<=5,"Buono",IF(E27<=10,"Accettabile","Scarso")))) -> Buono
A28: Nina | B28: Sociale | C28: ='Medie Chatbot'!D8 -> 55.556667 | D28: ='WHOQOL simulato'!D8 -> 65 | E28: =C28-D28 -> -9.4433333 | F28: =IF(E28<-10,"Scarso",IF(E28<-5,"Accettabile",IF(E28<=5,"Buono",IF(E28<=10,"Accettabile","Scarso")))) -> Accettabile | I28: Osservazione | J28: Dettaglio
A29: Nina | B29: Ambientale | C29: ='Medie Chatbot'!E8 -> 60.416667 | D29: ='WHOQOL simulato'!E8 -> 68 | E29: =C29-D29 -> -7.5833333 | F29: =IF(E29<-10,"Scarso",IF(E29<-5,"Accettabile",IF(E29<=5,"Buono",IF(E29<=10,"Accettabile","Scarso")))) -> Accettabile | I29: Sociale è il dominio più sottostimato | J29: Quasi tutti mostrano differenze negative
A30: Raimondo | B30: Fisico | C30: ='Medie Chatbot'!B9 -> 58.33 | D30: ='WHOQOL simulato'!B9 -> 56 | E30: =C30-D30 -> 2.33 | F30: =IF(E30<-10,"Scarso",IF(E30<-5,"Accettabile",IF(E30<=5,"Buono",IF(E30<=10,"Accettabile","Scarso")))) -> Buono | I30: Psicologico è il più variabile | J30: Sono presenti sia sovrastime che sottostime
A31: Raimondo | B31: Psicologico | C31: ='Medie Chatbot'!C9 -> 69.443333 | D31: ='WHOQOL simulato'!C9 -> 68 | E31: =C31-D31 -> 1.4433333 | F31: =IF(E31<-10,"Scarso",IF(E31<-5,"Accettabile",IF(E31<=5,"Buono",IF(E31<=10,"Accettabile","Scarso")))) -> Buono | I31: Fisico è il più preciso | J31: Differenze generalmente più contenute
A32: Raimondo | B32: Sociale | C32: ='Medie Chatbot'!D9 -> 63.89 | D32: ='WHOQOL simulato'!D9 -> 72 | E32: =C32-D32 -> -8.11 | F32: =IF(E32<-10,"Scarso",IF(E32<-5,"Accettabile",IF(E32<=5,"Buono",IF(E32<=10,"Accettabile","Scarso")))) -> Accettabile | I32: Ettore | J32: Caso con sottostima più marcata
A33: Raimondo | B33: Ambientale | C33: ='Medie Chatbot'!E9 -> 56.253333 | D33: ='WHOQOL simulato'!E9 -> 65 | E33: =C33-D33 -> -8.7466667 | F33: =IF(E33<-10,"Scarso",IF(E33<-5,"Accettabile",IF(E33<=5,"Buono",IF(E33<=10,"Accettabile","Scarso")))) -> Accettabile | I33: Orietta e Vittorio | J33: Presentano alcune differenze positive
